Country,Year,Arable land (% of total land area),Arable land (thousand hectares),Forest cover (% of total land area),Forest cover (thousand hectares),Important sites for terrestrial biodiversity protected (% of total sites protected),Land area (thousand hectares),Permanent crops (% of total land area),Permanent crops (thousand hectares)
Afghanistan,2005,11.9551,7805.0,2.0678,1350.0,0.0,65286.0,0.1608,105.0
Afghanistan,2010,11.9367,7793.0,2.0678,1350.0,5.7403,65286.0,0.1807,118.0
Afghanistan,2017,11.7927,7699.0,2.0678,1350.0,5.7403,65286.0,0.3232,211.0
Afghanistan,2019,,,,,5.7403,,,
Africa,2005,7.2737,215650.92,22.0816,654678.904,,2964822.5,1.0407,30853.5
Africa,2010,7.6144,225758.7,21.528,638282.158,,2964893.5,1.1303,33511.3
Africa,2017,8.1172,240668.0071,21.0496,624102.627,,2964920.5,1.1914,35323.599
Albania,2005,19.635,538.0,28.5547,782.4,31.7073,2740.0,4.4161,121.0
Albania,2010,22.8467,626.0,28.3321,776.3,47.2193,2740.0,2.5547,70.0
Albania,2017,22.1496,606.9,28.1569,771.5,55.9444,2740.0,3.073,84.2
Albania,2019,,,,,57.1756,,,
Algeria,2005,3.1536,7511.0,0.6449,1536.0,16.6339,238174.0,0.3577,852.0
Algeria,2010,3.1498,7502.0,0.8053,1918.0,16.6339,238174.0,0.3817,909.0
Algeria,2017,3.1367,7470.8071,0.8212,1956.0,16.6339,238174.0,0.4252,1012.619
Algeria,2019,,,,,16.6339,,,
American Samoa,2005,16.5,3.3,89.405,17.881,71.1211,20.0,8.5,1.7
American Samoa,2010,15.0,3.0,88.56,17.712,71.1211,20.0,9.5,1.9
American Samoa,2017,15.0,3.0,87.715,17.543,71.1211,20.0,9.5,1.9
American Samoa,2019,,,,,71.1211,,,
Americas,2005,8.8575,342591.07,41.7953,1616563.826,,3867814.6,0.6911,26731.23
Americas,2010,8.7683,339016.37,41.4449,1602411.787,,3866367.6,0.6828,26398.0
Americas,2017,8.9707,346816.79,41.1955,1592663.342,,3866107.6,0.6534,25260.24
Andorra,2005,1.7021,0.8,34.0426,16.0,17.8898,47.0,,
Andorra,2010,1.6383,0.77,34.0426,16.0,17.8898,47.0,,
Andorra,2017,1.7447,0.82,34.0426,16.0,26.0846,47.0,,
Andorra,2019,,,,,26.0846,,,
Angola,2005,2.647,3300.0,47.4084,59104.0,28.054,124670.0,0.2326,290.0
Angola,2010,3.2887,4100.0,46.9078,58480.0,28.054,124670.0,0.2326,290.0
Angola,2017,3.9304,4900.0,46.4073,57856.0,28.054,124670.0,0.2527,315.0
Angola,2019,,,,,28.054,,,
Anguilla,2005,,,61.1111,5.5,6.6703,9.0,,
Anguilla,2010,,,61.1111,5.5,6.6703,9.0,,
Anguilla,2017,,,61.1111,5.5,6.6703,9.0,,
Anguilla,2019,,,,,6.7669,,,
Antigua and Barbuda,2005,9.0909,4.0,22.2727,9.8,8.2192,44.0,2.2727,1.0
Antigua and Barbuda,2010,9.0909,4.0,22.2727,9.8,8.2192,44.0,2.2727,1.0
Antigua and Barbuda,2017,9.0909,4.0,22.2727,9.8,8.2192,44.0,2.2727,1.0
Antigua and Barbuda,2019,,,,,8.2192,,,
Argentina,2005,12.0209,32897.5,11.0301,30186.0,27.2073,273669.0,0.3654,1000.0
Argentina,2010,13.8784,37981.0,10.4491,28596.0,29.4635,273669.0,0.3654,1000.0
Argentina,2017,14.3239,39200.0,9.9069,27112.0,31.0825,273669.0,0.3654,1000.0
Argentina,2019,,,,,31.799,,,
Armenia,2005,15.9817,455.0,11.6614,332.0,15.0184,2847.0,1.7562,50.0
Armenia,2010,15.7534,448.5,11.6263,331.0,21.551,2847.0,1.9354,55.1
Armenia,2017,15.6656,446.0,11.6614,332.0,21.551,2847.0,2.0759,59.1
Armenia,2019,,,,,21.551,,,
Aruba,2005,11.1111,2.0,2.3333,0.42,37.1463,18.0,,
Aruba,2010,11.1111,2.0,2.3333,0.42,37.1463,18.0,,
Aruba,2017,11.1111,2.0,2.3333,0.42,37.1463,18.0,,
Aruba,2019,,,,,37.1463,,,
Asia,2005,15.8628,492109.37,18.7239,580867.606,,3102281.58,2.2738,70538.8
Asia,2010,15.49,480509.57,19.0004,589405.368,,3102069.77,2.6176,81199.27
Asia,2017,16.0169,497947.138,19.086,593361.599,,3108876.82,2.9146,90612.141
Australia,2005,3.4367,26402.0,16.6149,127641.0,39.5417,768230.0,0.0443,340.0
Australia,2010,3.3128,25450.2,16.0383,123211.0,46.8419,768230.0,0.0674,517.8
Australia,2017,3.9979,30752.0,16.2182,124751.0,55.6792,769202.0,0.0419,322.0
Australia,2019,,,,,55.6797,,,
Australia and New Zealand,2005,3.3763,26827.0,17.3459,137824.46,40.8517,794565.0,0.0507,403.0
Australia and New Zealand,2010,3.2658,25949.2,16.7843,133362.46,46.4813,794565.0,0.0741,588.8
Australia and New Zealand,2017,3.9372,31322.0,16.9575,134903.46,52.9837,795537.0,0.0499,397.0
Australia and New Zealand,2019,,,,,52.9909,,,
Austria,2005,16.7195,1380.7,46.6336,3851.0,62.5286,8258.0,0.7992,66.0
Austria,2010,16.5167,1363.8,46.7476,3860.0,66.2729,8257.1,0.7908,65.3
Austria,2017,16.1039,1328.94,46.8839,3869.0,67.3281,8252.3,0.8103,66.87
Austria,2019,,,,,67.3411,,,
Azerbaijan,2005,22.2986,1843.2,10.6121,877.2,29.4551,8266.0,2.6797,221.5
Azerbaijan,2010,22.7945,1884.1,12.1988,1008.3,36.6149,8265.6,2.7512,227.4
Azerbaijan,2017,25.3381,2094.5,13.7838,1139.4,36.6149,8266.2,2.9857,246.8
Azerbaijan,2019,,,,,36.6149,,,
Bahamas,2005,0.6993,7.0,51.4486,515.0,12.3841,1001.0,0.3996,4.0
Bahamas,2010,0.8991,9.0,51.4486,515.0,12.4491,1001.0,0.3996,4.0
Bahamas,2017,0.7992,8.0,51.4486,515.0,29.2093,1001.0,0.3996,4.0
Bahamas,2019,,,,,29.2093,,,
Bahrain,2005,2.027,1.5,0.6054,0.448,0.0,74.0,4.3243,3.2
Bahrain,2010,2.0997,1.6,0.6903,0.526,0.0,76.2,3.937,3.0
Bahrain,2017,2.0513,1.6,0.7744,0.604,0.0,78.0,3.8462,3.0
Bahrain,2019,,,,,0.0,,,
Bangladesh,2005,60.7744,7911.0,11.1777,1455.0,33.5499,13017.0,6.1458,800.0
Bangladesh,2010,59.8525,7791.0,11.0778,1442.0,43.632,13017.0,6.5299,850.0
Bangladesh,2017,59.1329,7697.33,10.978,1429.0,43.6542,13017.0,6.8372,890.0
Bangladesh,2019,,,,,43.6542,,,
Barbados,2005,30.2326,13.0,14.6512,6.3,0.1588,43.0,2.3256,1.0
Barbados,2010,27.907,12.0,14.6512,6.3,0.1588,43.0,2.3256,1.0
Barbados,2017,16.2791,7.0,14.6512,6.3,0.1588,43.0,2.3256,1.0
Barbados,2019,,,,,0.1588,,,
Belarus,2005,27.3234,5542.0,41.5915,8436.0,37.1708,20283.0,0.5818,118.0
Belarus,2010,27.2794,5535.0,42.0601,8534.0,37.1708,20290.0,0.6013,122.0
Belarus,2017,28.2132,5727.0,42.5317,8633.5,47.0848,20299.0,0.5616,114.0
Belarus,2019,,,,,47.0848,,,
Belgium,2005,27.8402,843.0,22.2655,674.2,80.2625,3028.0,0.6935,21.0
Belgium,2010,27.5429,834.0,22.4967,681.2,80.2787,3028.0,0.7166,21.7
Belgium,2017,27.609,836.0,22.5694,683.4,83.6522,3028.0,0.7596,23.0
Belgium,2019,,,,,84.153,,,
Belize,2005,3.0688,70.0,62.1013,1416.53,39.3284,2281.0,1.4029,32.0
Belize,2010,3.288,75.0,60.9992,1391.391,39.3458,2281.0,1.4029,32.0
Belize,2017,3.9456,90.0,59.8992,1366.3,41.5195,2281.0,1.4029,32.0
Belize,2019,,,,,41.5195,,,
Benin,2005,23.5367,2654.0,42.6658,4811.0,66.6644,11276.0,2.4832,280.0
Benin,2010,22.171,2500.0,40.4487,4561.0,66.6644,11276.0,5.321,600.0
Benin,2017,24.8315,2800.0,38.2316,4311.0,66.6644,11276.0,5.321,600.0
Benin,2019,,,,,66.6644,,,
Bermuda,2005,7.4074,0.4,18.5185,1.0,51.9841,5.4,,
Bermuda,2010,5.5556,0.3,18.5185,1.0,51.9841,5.4,,
Bermuda,2017,5.5556,0.3,18.5185,1.0,51.9841,5.4,,
Bermuda,2019,,,,,51.9841,,,
Bhutan,2005,4.3812,167.0,69.6709,2655.647,43.3184,3811.7,0.4985,19.0
Bhutan,2010,2.6392,100.6,70.9733,2705.291,45.769,3811.7,0.3253,12.4
Bhutan,2017,2.6216,100.0,72.2246,2754.935,47.3323,3814.4,0.1442,5.5
Bhutan,2019,,,,,47.3323,,,
Bolivia (Plurin. State of),2005,3.5133,3806.0,54.2177,58734.0,46.564,108330.0,0.1837,199.0
Bolivia (Plurin. State of),2010,3.9666,4297.0,51.8868,56209.0,48.2763,108330.0,0.2022,219.0
Bolivia (Plurin. State of),2017,3.9149,4241.0,50.5529,54764.0,48.2763,108330.0,0.228,247.0
Bolivia (Plurin. State of),2019,,,,,48.2763,,,
"Bonaire, St. Eustatius & Saba",2005,,,,,39.2648,,,
"Bonaire, St. Eustatius & Saba",2010,,,,,39.2648,,,
"Bonaire, St. Eustatius & Saba",2019,,,,,39.2648,,,
Bosnia and Herzegovina,2005,20.0195,1025.0,42.6758,2185.0,0.0,5120.0,1.8555,95.0
Bosnia and Herzegovina,2010,19.6094,1004.0,42.6758,2185.0,18.1818,5120.0,2.0508,105.0
Bosnia and Herzegovina,2017,20.7031,1060.0,42.6758,2185.0,18.1818,5120.0,2.0898,107.0
Bosnia and Herzegovina,2019,,,,,18.1818,,,
Botswana,2005,0.4235,240.0,21.0735,11943.0,51.0878,56673.0,0.0026,1.5
Botswana,2010,0.457,259.0,20.0289,11351.0,51.0878,56673.0,0.0035,2.0
Botswana,2017,0.4549,257.8,19.1273,10840.0,51.0879,56673.0,0.0035,2.0
Botswana,2019,,,,,51.0879,,,
Brazil,2005,5.7827,48333.0,60.6276,506734.0,37.4866,835814.0,1.3522,11302.0
Brazil,2010,6.1322,51254.0,59.6374,498458.0,41.9644,835814.0,1.2365,10335.0
Brazil,2017,6.6264,55384.06,59.0488,493538.0,42.6927,835814.0,0.955,7982.0
Brazil,2019,,,,,42.759,,,
British Virgin Islands,2005,6.6667,1.0,24.4,3.66,10.5188,15.0,6.6667,1.0
British Virgin Islands,2010,6.6667,1.0,24.2667,3.64,10.5188,15.0,6.6667,1.0
British Virgin Islands,2017,6.6667,1.0,24.1333,3.62,10.5188,15.0,6.6667,1.0
British Virgin Islands,2019,,,,,10.5188,,,
Brunei Darussalam,2005,0.3795,2.0,73.814,389.0,41.6568,527.0,0.9488,5.0
Brunei Darussalam,2010,0.759,4.0,72.1063,380.0,41.6568,527.0,1.1385,6.0
Brunei Darussalam,2017,0.9488,5.0,72.1063,380.0,41.6568,527.0,1.1385,6.0
Brunei Darussalam,2019,,,,,41.6568,,,
Bulgaria,2005,29.2066,3173.0,33.6064,3651.0,27.7882,10864.0,1.7305,188.0
Bulgaria,2010,29.3478,3186.0,34.4234,3737.0,87.498,10856.0,1.5107,164.0
Bulgaria,2017,32.1396,3489.08,35.2155,3823.0,87.5023,10856.0,1.3641,148.09
Bulgaria,2019,,,,,87.5023,,,
Burkina Faso,2005,17.9094,4900.0,21.7434,5949.0,66.7121,27360.0,0.2558,70.0
Burkina Faso,2010,21.9298,6000.0,20.6469,5649.0,66.7121,27360.0,0.2924,80.0
Burkina Faso,2017,21.9298,6000.0,19.5541,5350.0,66.7121,27360.0,0.3655,100.0
Burkina Faso,2019,,,,,66.7121,,,
Burundi,2005,37.2274,956.0,7.0483,181.0,56.8318,2568.0,14.7975,380.0
Burundi,2010,36.9938,950.0,9.852,253.0,56.8318,2568.0,15.5763,400.0
Burundi,2017,46.729,1200.0,10.7477,276.0,56.8318,2568.0,13.6293,350.0
Burundi,2019,,,,,56.8318,,,
Cabo Verde,2005,11.9107,48.0,20.7419,83.59,9.4179,403.0,0.4963,2.0
Cabo Verde,2010,12.4069,50.0,21.1141,85.09,9.4179,403.0,0.7444,3.0
Cabo Verde,2017,12.4069,50.0,22.3084,89.903,12.0279,403.0,0.9926,4.0
Cabo Verde,2019,,,,,12.0279,,,
Cambodia,2005,20.9608,3700.0,60.792,10731.0,38.1225,17652.0,0.8838,156.0
Cambodia,2010,21.5273,3800.0,57.1833,10094.0,39.5392,17652.0,0.8781,155.0
Cambodia,2017,22.1561,3911.0,53.5747,9457.0,39.5413,17652.0,0.8781,155.0
Cambodia,2019,,,,,39.5413,,,
Cameroon,2005,12.6145,5963.0,44.4585,21016.0,20.0957,47271.0,2.6443,1250.0
Cameroon,2010,13.1159,6200.0,42.1315,19916.0,24.6855,47271.0,3.1732,1500.0
Cameroon,2017,13.1159,6200.0,39.8045,18816.0,35.3261,47271.0,3.279,1550.0
Cameroon,2019,,,,,35.3261,,,
Canada,2005,4.4187,39616.0,38.7678,347576.0,21.5081,896559.0,0.0184,165.0
Canada,2010,4.2035,37687.0,38.7372,347302.0,26.0162,896559.0,0.0197,177.0
Canada,2017,4.2583,38178.1,38.7112,347069.0,28.1382,896559.0,0.0194,174.3
Canada,2019,,,,,28.1382,,,
Caribbean,2005,25.2171,5698.57,28.0542,6339.68,,22598.0,5.8599,1324.23
Caribbean,2010,24.7442,5591.7,29.8438,6744.1,,22598.0,5.7722,1304.4
Caribbean,2017,22.7221,5079.75,32.1811,7194.406,,22356.0,6.6644,1489.9
Cayman Islands,2005,0.8333,0.2,52.9167,12.7,31.6203,24.0,2.0833,0.5
Cayman Islands,2010,0.8333,0.2,52.9167,12.7,31.6578,24.0,2.0833,0.5
Cayman Islands,2017,0.8333,0.2,52.9167,12.7,32.4926,24.0,2.0833,0.5
Cayman Islands,2019,,,,,32.4926,,,
Central African Republic,2005,3.098,1930.0,35.8374,22326.0,74.237,62298.0,0.1364,85.0
Central African Republic,2010,2.8893,1800.0,35.7122,22248.0,74.237,62298.0,0.1284,80.0
Central African Republic,2017,2.8893,1800.0,35.587,22170.0,74.237,62298.0,0.1284,80.0
Central African Republic,2019,,,,,74.237,,,
Central America,2005,11.9383,29276.0,36.4053,89275.53,,245227.0,1.9725,4837.0
Central America,2010,10.9352,26815.97,35.6846,87508.391,,245227.0,2.1027,5156.5
Central America,2017,11.7936,28918.5,35.1911,86290.3,,245205.0,2.2773,5584.0
Central Asia,2005,9.4251,37010.3,3.0657,12038.3,11.5518,392679.0,0.1818,713.7
Central Asia,2010,9.3763,36818.9,3.0046,11798.5,12.1411,392679.0,0.1893,743.3
Central Asia,2017,9.5192,37368.9,2.9817,11704.9,12.5697,392562.0,0.2057,807.6
Central Asia,2019,,,,,12.5697,,,
Chad,2005,3.0972,3900.0,4.8769,6141.0,67.3127,125920.0,0.0238,30.0
Chad,2010,3.3355,4200.0,4.3742,5508.0,67.3127,125920.0,0.0278,35.0
Chad,2017,4.1296,5200.0,3.8715,4875.0,67.3127,125920.0,0.0302,38.0
Chad,2019,,,,,67.3127,,,
Channel Islands,2005,19.1919,3.8,4.0404,0.8,,19.8,,
Channel Islands,2010,21.7677,4.31,4.0404,0.8,,19.8,,
Channel Islands,2017,19.2929,3.82,4.0404,0.8,,19.8,,
Chile,2005,1.9502,1450.0,21.5754,16042.0,27.4499,74353.2,0.585,435.0
Chile,2010,1.7094,1271.0,21.8296,16231.0,29.6245,74353.2,0.6146,457.0
Chile,2017,1.7242,1282.0,23.8524,17735.0,32.1689,74353.2,0.6052,450.0
Chile,2019,,,,,34.2226,,,
China,2005,11.9747,112858.0,20.4828,193043.9,6.3852,942469.98,1.3349,12581.0
China,2010,11.4403,107821.5,21.2856,200610.3,8.5561,942470.07,1.5614,14716.0
China,2017,12.6785,119491.1,22.1038,208321.3,9.5509,942470.08,1.7195,16206.0
China,2019,,,,,9.9348,,,
"China, Hong Kong SAR",2005,4.7619,5.0,,,48.9256,105.0,0.9524,1.0
"China, Hong Kong SAR",2010,3.3333,3.5,,,48.9256,105.0,0.9524,1.0
"China, Hong Kong SAR",2017,2.9524,3.1,,,48.9256,105.0,0.9524,1.0
"China, Hong Kong SAR",2019,,,,,48.9256,,,
"China, Macao SAR",2005,,,,,0.0,2.8,,
"China, Macao SAR",2010,,,,,0.0,2.97,,
"China, Macao SAR",2017,,,,,0.0,3.08,,
"China, Macao SAR",2019,,,,,0.0,,,
Colombia,2005,1.826,2026.0,54.2599,60201.36,25.3176,110950.0,1.4304,1587.0
Colombia,2010,1.589,1763.0,52.8484,58635.32,32.9789,110950.0,1.4331,1590.0
Colombia,2017,1.6052,1781.0,52.728,58501.74,42.8892,110950.0,1.8369,2038.0
Colombia,2019,,,,,42.8892,,,
Comoros,2005,34.9275,65.0,22.5685,42.0,8.3333,186.1,28.4793,53.0
Comoros,2010,34.9275,65.0,20.9565,39.0,8.3333,186.1,28.4793,53.0
Comoros,2017,35.4648,66.0,19.8818,37.0,8.3333,186.1,26.8673,50.0
Comoros,2019,,,,,8.3333,,,
Congo,2005,1.4348,490.0,65.8009,22471.0,46.3821,34150.0,0.1669,57.0
Congo,2010,1.4934,510.0,65.6252,22411.0,49.0123,34150.0,0.1933,66.0
Congo,2017,1.6105,550.0,65.3997,22334.0,56.4788,34150.0,0.2284,78.0
Congo,2019,,,,,56.4788,,,
Cook Islands,2005,5.2083,1.25,62.9167,15.1,0.0,24.0,6.2083,1.49
Cook Islands,2010,2.9167,0.7,62.9167,15.1,0.0,24.0,2.6667,0.64
Cook Islands,2017,4.1667,1.0,62.9167,15.1,5.7296,24.0,2.0833,0.5
Cook Islands,2019,,,,,5.7296,,,
Costa Rica,2005,4.1128,210.0,48.7857,2491.0,39.6717,5106.0,5.4837,280.0
Costa Rica,2010,4.4066,225.0,51.0184,2605.0,39.7489,5106.0,6.1692,315.0
Costa Rica,2017,4.906,250.5,53.9757,2756.0,39.7894,5106.0,6.2476,319.0
Costa Rica,2019,,,,,39.7894,,,
Croatia,2005,15.6004,873.0,34.0064,1903.0,22.6536,5596.0,1.3045,73.0
Croatia,2010,16.1615,904.4,34.3102,1920.0,24.3902,5596.0,1.5011,84.0
Croatia,2017,14.4372,817.0,33.9636,1922.0,76.4921,5659.0,1.2723,72.0
Croatia,2019,,,,,76.4921,,,
Cuba,2005,34.4983,3672.0,25.3382,2697.0,29.4551,10644.0,3.9929,425.0
Cuba,2010,31.7926,3384.0,27.546,2932.0,51.2404,10644.0,3.9459,420.0
Cuba,2017,27.9369,2906.0,30.7633,3200.0,54.4754,10402.0,6.2776,653.0
Cuba,2019,,,,,54.4754,,,
Curaçao,2005,,,,,6.0686,,,
Curaçao,2010,,,,,6.0686,,,
Curaçao,2019,,,,,44.7949,,,
Cyprus,2005,13.3117,123.0,18.7068,172.851,23.8691,924.0,4.6537,43.0
Cyprus,2010,8.9394,82.6,18.7057,172.841,61.9075,924.0,3.2359,29.9
Cyprus,2017,10.3494,95.628,18.6905,172.7,74.0564,924.0,2.9146,26.931
Cyprus,2019,,,,,74.0564,,,
Czechia,2005,41.5351,3209.0,34.2609,2647.0,89.4395,7726.0,0.9966,77.0
Czechia,2010,41.0539,3171.0,34.3993,2657.0,94.7308,7724.0,0.9969,77.0
Czechia,2017,32.3533,2498.0,34.5422,2667.0,94.7311,7721.0,0.5828,45.0
Czechia,2019,,,,,94.7311,,,
Côte d’Ivoire,2005,8.805,2800.0,32.7201,10405.0,69.1812,31800.0,13.2075,4200.0
Côte d’Ivoire,2010,9.1195,2900.0,32.7138,10403.0,69.1812,31800.0,14.1509,4500.0
Côte d’Ivoire,2017,11.0063,3500.0,32.7075,10401.0,71.1907,31800.0,14.1509,4500.0
Côte d’Ivoire,2019,,,,,71.1907,,,
Dem. People's Rep. Korea,2005,19.5167,2350.0,52.3129,6299.0,0.0,12041.0,1.661,200.0
Dem. People's Rep. Korea,2010,19.9319,2400.0,47.0559,5666.0,0.0,12041.0,1.9101,230.0
Dem. People's Rep. Korea,2017,19.5167,2350.0,41.7822,5031.0,0.0,12041.0,1.9101,230.0
Dem. People's Rep. Korea,2019,,,,,0.0,,,
Dem. Rep. of the Congo,2005,2.9554,6700.0,68.676,155692.0,49.8864,226705.0,0.3308,750.0
Dem. Rep. of the Congo,2010,2.9995,6800.0,67.9892,154135.0,52.6642,226705.0,0.4411,1000.0
Dem. Rep. of the Congo,2017,5.205,11800.0,67.3024,152578.0,52.6642,226705.0,0.6617,1500.0
Dem. Rep. of the Congo,2019,,,,,52.6642,,,
Denmark,2005,54.9611,2332.0,13.144,557.7,86.0418,4243.0,0.165,7.0
Denmark,2010,57.0587,2421.0,13.8369,587.1,86.1715,4243.0,0.1178,5.0
Denmark,2017,59.2589,2370.355,15.305,612.2,86.1956,4000.0,0.6564,26.254
Denmark,2019,,,,,86.1957,,,
Djibouti,2005,0.0431,1.0,0.2416,5.6,0.0,2318.0,,
Djibouti,2010,0.069,1.6,0.2416,5.6,0.0,2318.0,,
Djibouti,2017,0.0863,2.0,0.2416,5.6,0.8102,2318.0,,
Djibouti,2019,,,,,0.8102,,,
Dominica,2005,6.6667,5.0,61.32,45.99,40.0013,75.0,20.0,15.0
Dominica,2010,8.0,6.0,59.5467,44.66,40.0013,75.0,22.6667,17.0
Dominica,2017,8.0,6.0,57.7733,43.33,40.0013,75.0,22.6667,17.0
Dominica,2019,,,,,40.0013,,,
Dominican Republic,2005,16.9737,820.0,34.1958,1652.0,75.9455,4831.0,8.2799,400.0
Dominican Republic,2010,16.5597,800.0,37.6113,1817.0,76.6519,4831.0,8.2799,400.0
Dominican Republic,2017,16.5597,800.0,41.0474,1983.0,81.078,4831.0,7.3484,355.0
Dominican Republic,2019,,,,,81.078,,,
Eastern Africa,2005,9.2086,55769.9,33.6419,203745.226,,605628.5,1.1415,6913.0
Eastern Africa,2010,10.2738,62228.32,32.4005,196249.456,,605699.5,1.2554,7603.8
Eastern Africa,2017,10.9877,66555.47,32.5737,197307.686,,605726.5,1.3826,8374.98
Eastern Asia,2005,10.5455,121906.0,20.9205,241840.9,22.0452,1156001.98,1.1502,13296.0
Eastern Asia,2010,10.0883,116624.5,21.6691,250503.5,23.953,1156042.07,1.338,15468.0
Eastern Asia,2017,11.0655,127966.0,22.2274,257047.1,25.9243,1156443.62,1.4655,16948.0
Eastern Asia,2019,,,,,26.1977,,,
Eastern Europe,2005,10.8055,195108.0,47.2391,852968.0,,1805641.0,0.2495,4505.0
Eastern Europe,2010,10.7236,193590.0,47.6287,859826.6,,1805269.1,0.2368,4275.4
Eastern Europe,2017,10.69,192991.08,47.6599,860425.0,,1805343.0,0.2233,4032.09
Ecuador,2005,5.2182,1296.0,53.6932,13335.236,22.8511,24836.0,4.8881,1214.0
Ecuador,2010,4.7769,1186.4,52.1081,12941.556,25.8969,24836.0,5.6024,1391.4
Ecuador,2017,4.1593,1033.0,50.5229,12547.876,29.9654,24836.0,5.7598,1430.5
Ecuador,2019,,,,,30.2263,,,
Egypt,2005,2.5747,2563.0,0.0673,67.0,37.1294,99545.0,0.9644,960.0
Egypt,2010,2.8861,2873.0,0.0703,70.0,39.406,99545.0,0.8016,798.0
Egypt,2017,2.7995,2786.77,0.0733,73.0,39.406,99545.0,0.9513,947.0
Egypt,2019,,,,,39.406,,,
El Salvador,2005,33.8803,702.0,14.9131,309.0,10.3767,2072.0,10.9556,227.0
El Salvador,2010,32.4807,673.0,13.8514,287.0,23.506,2072.0,10.8591,225.0
El Salvador,2017,34.8456,722.0,12.7896,265.0,25.023,2072.0,10.1351,210.0
El Salvador,2019,,,,,25.023,,,
Equatorial Guinea,2005,4.6346,130.0,60.0713,1685.0,99.9971,2805.0,3.2086,90.0
Equatorial Guinea,2010,4.2781,120.0,57.9679,1626.0,99.9971,2805.0,2.4955,70.0
Equatorial Guinea,2017,4.2781,120.0,55.9002,1568.0,99.9971,2805.0,2.139,60.0
Equatorial Guinea,2019,,,,,99.9971,,,
Eritrea,2005,6.1386,620.0,15.3861,1554.0,13.3367,10100.0,0.0198,2.0
Eritrea,2010,6.8317,690.0,15.1683,1532.0,13.3367,10100.0,0.0198,2.0
Eritrea,2017,6.8317,690.0,14.9505,1510.0,13.3367,10100.0,0.0198,2.0
Eritrea,2019,,,,,13.3367,,,
Estonia,2005,13.9608,591.8,53.1257,2252.0,94.7439,4239.0,0.2619,11.1
Estonia,2010,15.2159,645.0,52.7011,2234.0,94.7562,4239.0,0.1675,7.1
Estonia,2017,15.735,684.0,51.3458,2232.0,94.8595,4347.0,0.092,4.0
Estonia,2019,,,,,94.8707,,,
Eswatini,2005,10.3488,178.0,31.4535,541.0,29.981,1720.0,0.814,14.0
Eswatini,2010,10.1744,175.0,32.7326,563.0,29.981,1720.0,0.8721,15.0
Eswatini,2017,10.1744,175.0,34.0698,586.0,30.5668,1720.0,0.8721,15.0
Eswatini,2019,,,,,30.5668,,,
Ethiopia,2005,12.823,12823.0,13.0,13000.0,17.6138,100000.0,0.768,768.0
Ethiopia,2010,14.565,14565.0,12.296,12296.0,18.1026,100000.0,1.118,1118.0
Ethiopia,2017,15.9692,15969.2,12.499,12499.0,18.1026,100000.0,1.5709,1570.9
Ethiopia,2019,,,,,18.1026,,,
Europe,2005,12.6097,279192.27,45.3521,1004147.015,56.7447,2214114.9,0.7288,16137.53
Europe,2010,12.4634,275894.05,45.7878,1013572.025,62.9714,2213629.42,0.6971,15430.67
Europe,2017,12.352,273390.1304,45.8804,1015482.476,65.3147,2213323.588,0.6847,15153.9675
Europe,2019,,,,,65.5939,,,
Falkland Islands (Malvinas),2005,,,0.0,0.0,10.8979,1217.0,,
Falkland Islands (Malvinas),2010,,,0.0,0.0,10.8979,1217.0,,
Falkland Islands (Malvinas),2017,,,0.0,0.0,10.8979,1217.0,,
Falkland Islands (Malvinas),2019,,,,,10.8979,,,
Faroe Islands,2005,2.149,3.0,0.0595,0.083,0.0,139.6,,
Faroe Islands,2010,2.149,3.0,0.0595,0.083,0.0,139.6,,
Faroe Islands,2017,2.149,3.0,0.0595,0.083,15.7895,139.6,,
Faroe Islands,2019,,,,,15.7895,,,
Fiji,2005,9.3049,170.0,54.5846,997.26,7.5809,1827.0,4.543,83.0
Fiji,2010,9.0312,165.0,54.3457,992.896,11.1777,1827.0,4.6524,85.0
Fiji,2017,9.0312,165.0,55.6757,1017.195,11.1777,1827.0,4.6524,85.0
Fiji,2019,,,,,11.1777,,,
Finland,2005,7.3427,2236.5,72.6977,22143.0,71.1542,30459.0,0.0141,4.3
Finland,2010,7.4195,2254.8,73.1096,22218.0,71.313,30390.0,0.0135,4.1
Finland,2017,7.3769,2242.0,73.1048,22218.0,71.7997,30392.0,0.0099,3.0
Finland,2019,,,,,71.7998,,,
France,2005,33.5629,18377.6,28.9668,15861.0,59.3922,54755.7,2.0283,1110.6
France,2010,33.4225,18300.7,29.9951,16424.0,72.9686,54755.7,1.8466,1011.1
France,2017,33.7214,18464.367,31.0269,16989.0,76.6158,54755.7,1.8252,999.408
France,2019,,,,,80.3532,,,
French Guiana,2005,0.145,12.0,98.7189,8168.0,64.276,8274.0,0.0483,4.0
French Guiana,2010,0.1389,11.5,98.3206,8138.0,80.9734,8277.0,0.0447,3.7
French Guiana,2017,0.1604,13.28,98.1765,8130.0,83.1476,8281.0,0.0669,5.54
French Guiana,2019,,,,,83.1476,,,
French Polynesia,2005,0.8197,3.0,35.5191,130.0,0.0,366.0,6.0109,22.0
French Polynesia,2010,0.6831,2.5,42.3497,155.0,0.0,366.0,6.0109,22.0
French Polynesia,2017,0.6831,2.5,42.3497,155.0,0.0,366.0,6.2842,23.0
French Polynesia,2019,,,,,0.0,,,
Gabon,2005,1.2613,325.0,85.3805,22000.0,61.1685,25767.0,0.6598,170.0
Gabon,2010,1.2613,325.0,85.3805,22000.0,61.1685,25767.0,0.6598,170.0
Gabon,2017,1.2613,325.0,89.2615,23000.0,61.6666,25767.0,0.6598,170.0
Gabon,2019,,,,,61.6666,,,
Gambia,2005,32.1146,325.0,46.5415,471.0,34.5873,1012.0,0.4941,5.0
Gambia,2010,44.4664,450.0,47.4308,480.0,34.5873,1012.0,0.4941,5.0
Gambia,2017,43.4783,440.0,48.2213,488.0,34.5873,1012.0,0.4941,5.0
Gambia,2019,,,,,34.5873,,,
Georgia,2005,6.7636,470.0,39.8978,2772.5,27.2175,6949.0,1.583,110.0
Georgia,2010,5.6843,395.0,40.6159,2822.4,34.3927,6949.0,1.7988,125.0
Georgia,2017,4.6625,324.0,40.6159,2822.4,40.3155,6949.0,1.7384,120.8
Georgia,2019,,,,,40.319,,,
Germany,2005,34.1324,11904.0,32.6414,11384.0,71.7325,34876.0,0.5677,198.0
Germany,2010,33.9846,11846.0,32.7309,11409.0,77.901,34857.0,0.5709,199.0
Germany,2017,33.6949,11772.0,32.6845,11419.0,78.8281,34937.0,0.5696,199.0
Germany,2019,,,,,78.8289,,,
Ghana,2005,17.5793,4000.0,39.7864,9053.0,80.5564,22754.0,12.3055,2800.0
Ghana,2010,20.3041,4620.0,40.4105,9195.0,80.5564,22754.0,11.866,2700.0
Ghana,2017,20.6557,4700.0,41.0345,9337.0,80.5564,22754.0,11.866,2700.0
Ghana,2019,,,,,80.5564,,,
Gibraltar,2005,,,0.0,0.0,,1.0,,
Gibraltar,2010,,,0.0,0.0,,1.0,,
Gibraltar,2017,,,0.0,0.0,,1.0,,
Greece,2005,20.4732,2639.0,29.1078,3752.0,71.281,12890.0,8.813,1136.0
Greece,2010,19.9147,2567.0,30.2793,3903.0,86.045,12890.0,8.8208,1137.0
Greece,2017,16.5865,2138.0,31.4507,4054.0,86.045,12890.0,8.3941,1082.0
Greece,2019,,,,,86.045,,,
Greenland,2005,,,0.0005,0.22,26.0812,41045.0,,
Greenland,2010,,,0.0005,0.22,26.3066,41045.0,,
Greenland,2017,,,0.0005,0.22,26.3066,41045.0,,
Greenland,2019,,,,,26.3066,,,
Grenada,2005,5.8824,2.0,49.9706,16.99,34.4503,34.0,11.7647,4.0
Grenada,2010,8.8235,3.0,49.9706,16.99,34.4503,34.0,11.7647,4.0
Grenada,2017,8.8235,3.0,49.9706,16.99,34.4503,34.0,11.7647,4.0
Grenada,2019,,,,,34.4503,,,
Guadeloupe,2005,11.2426,19.0,43.8107,74.04,57.4445,169.0,2.3669,4.0
Guadeloupe,2010,12.426,21.0,43.1006,72.84,82.2848,169.0,2.0118,3.4
Guadeloupe,2017,13.6509,23.07,42.9822,72.64,82.3834,169.0,1.6805,2.84
Guadeloupe,2019,,,,,82.3834,,,
Guam,2005,3.7037,2.0,46.2963,25.0,40.1667,54.0,18.5185,10.0
Guam,2010,1.8519,1.0,46.2963,25.0,40.1667,54.0,16.6667,9.0
Guam,2017,1.8519,1.0,46.2963,25.0,40.1667,54.0,16.6667,9.0
Guam,2019,,,,,40.1667,,,
Guatemala,2005,13.0646,1400.0,36.7488,3938.0,21.9059,10716.0,7.8481,841.0
Guatemala,2010,11.1616,1196.08,34.7331,3722.0,25.3253,10716.0,9.0519,970.0
Guatemala,2017,8.044,862.0,33.0347,3540.0,29.981,10716.0,11.0396,1183.0
Guatemala,2019,,,,,29.981,,,
Guinea,2005,11.155,2741.0,27.3645,6724.0,71.1545,24572.0,2.7674,680.0
Guinea,2010,11.8021,2900.0,26.6319,6544.0,71.1545,24572.0,2.8488,700.0
Guinea,2017,12.616,3100.0,25.8994,6364.0,71.1545,24572.0,2.8488,700.0
Guinea,2019,,,,,71.1545,,,
Guinea-Bissau,2005,9.9573,280.0,73.6842,2072.0,52.1863,2812.0,8.8905,250.0
Guinea-Bissau,2010,10.6686,300.0,71.9061,2022.0,52.1863,2812.0,8.8905,250.0
Guinea-Bissau,2017,10.6686,300.0,70.128,1972.0,52.5659,2812.0,8.8905,250.0
Guinea-Bissau,2019,,,,,52.5659,,,
Guyana,2005,2.1336,420.0,84.3383,16602.0,,19685.0,0.1422,28.0
Guyana,2010,2.1336,420.0,84.2062,16576.0,,19685.0,0.1422,28.0
Guyana,2017,2.1336,420.0,83.9522,16526.0,,19685.0,0.254,50.0
Haiti,2005,32.656,900.0,3.8099,105.0,24.2788,2756.0,10.1597,280.0
Haiti,2010,39.9129,1100.0,3.6647,101.0,24.2788,2756.0,10.1597,280.0
Haiti,2017,38.8244,1070.0,3.5196,97.0,41.0102,2756.0,10.1597,280.0
Haiti,2019,,,,,41.0102,,,
Honduras,2005,9.3842,1050.0,51.7651,5792.0,56.8537,11189.0,3.5749,400.0
Honduras,2010,9.1161,1020.0,46.4027,5192.0,57.0503,11189.0,4.2899,480.0
Honduras,2017,9.1161,1020.0,41.0403,4592.0,59.024,11189.0,6.2561,700.0
Honduras,2019,,,,,59.0243,,,
Hungary,2005,51.3447,4601.0,22.1292,1983.0,82.4966,8961.0,2.2877,205.0
Hungary,2010,48.5143,4392.0,22.6002,2046.0,82.5269,9053.0,2.0767,188.0
Hungary,2017,47.3702,4323.0,22.6715,2069.0,82.5271,9126.0,1.9286,176.0
Hungary,2019,,,,,82.5271,,,
Iceland,2005,1.2868,129.0,0.3641,36.5,14.9684,10025.0,,
Iceland,2010,1.2269,123.0,0.4259,42.7,16.7038,10025.0,,
Iceland,2017,1.207,121.0,0.4908,49.2,19.0802,10025.0,,
Iceland,2019,,,,,19.0802,,,
India,2005,53.6272,159444.0,22.7732,67709.0,17.7036,297319.0,3.4407,10230.0
India,2010,52.8083,157009.0,23.4731,69790.0,17.747,297319.0,4.1117,12225.0
India,2017,52.6246,156463.0,23.7731,70682.0,21.0187,297319.0,4.3724,13000.0
India,2019,,,,,21.0187,,,
Indonesia,2005,12.6664,22946.0,54.0178,97857.0,10.6432,181157.0,9.8809,17900.0
Indonesia,2010,13.0274,23600.0,52.1272,94432.0,17.35,181157.0,11.5922,21000.0
Indonesia,2017,14.0078,26300.0,48.4735,91010.0,26.0122,187751.9,13.3154,25000.0
Indonesia,2019,,,,,26.1137,,,
Iran (Islamic Republic of),2005,10.1507,16533.0,6.5645,10691.98,43.5999,162876.0,0.9664,1574.0
Iran (Islamic Republic of),2010,9.4489,15390.0,6.5645,10691.98,43.5999,162876.0,1.0268,1672.4
Iran (Islamic Republic of),2017,9.0173,14687.0,6.5645,10691.98,43.5999,162876.0,1.099,1790.0
Iran (Islamic Republic of),2019,,,,,43.5999,,,
Iraq,2005,11.8892,5200.0,1.8863,825.0,1.6129,43737.0,0.4344,190.0
Iraq,2010,9.2098,4000.0,1.8995,825.0,2.9599,43432.0,0.5065,220.0
Iraq,2017,11.5173,5000.0,1.9004,825.0,5.8457,43412.8,0.9214,400.0
Iraq,2019,,,,,5.8457,,,
Ireland,2005,17.1868,1184.0,10.0862,694.835,83.0238,6889.0,0.0435,3.0
Ireland,2010,14.6756,1011.0,10.5332,725.635,85.3691,6889.0,0.029,2.0
Ireland,2017,6.4015,441.0,10.9452,754.016,85.9655,6889.0,0.0145,1.0
Ireland,2019,,,,,85.9655,,,
Isle of Man,2005,31.2456,17.81,6.0702,3.46,,57.0,,
Isle of Man,2010,44.5263,25.38,6.0702,3.46,,57.0,,
Isle of Man,2017,40.3509,23.0,6.0702,3.46,,57.0,,
Israel,2005,14.3715,311.0,7.1627,155.0,18.2964,2164.0,3.2116,69.5
Israel,2010,13.5675,293.6,7.1165,154.0,20.2657,2164.0,3.5721,77.3
Israel,2017,17.8835,387.0,7.6248,165.0,20.3349,2164.0,4.4362,96.0
Israel,2019,,,,,20.3349,,,
Italy,2005,26.45,7780.0,29.7783,8759.0,73.941,29414.0,8.6829,2554.0
Italy,2010,23.941,7042.0,30.6929,9028.0,77.3414,29414.0,8.7979,2587.8
Italy,2017,22.9016,6736.27,31.6074,9297.0,77.3489,29414.0,8.4382,2482.0
Italy,2019,,,,,77.3489,,,
Jamaica,2005,11.819,128.0,31.3204,339.2,29.4381,1083.0,10.157,110.0
Jamaica,2010,11.0803,120.0,31.1265,337.1,29.4396,1083.0,8.7719,95.0
Jamaica,2017,11.0803,120.0,30.9511,335.2,29.4569,1083.0,8.7719,95.0
Jamaica,2019,,,,,29.4569,,,
Japan,2005,11.9616,4360.0,68.4088,24935.0,60.3636,36450.0,0.9108,332.0
Japan,2010,11.746,4282.0,68.4844,24966.0,60.8654,36455.0,0.8531,311.0
Japan,2017,11.4138,4161.0,68.4606,24958.0,64.8271,36456.0,0.7763,283.0
Japan,2019,,,,,64.8271,,,
Jordan,2005,2.0966,185.0,1.1049,97.5,7.0838,8824.0,0.9746,86.0
Jordan,2010,2.0005,177.6,1.0982,97.5,7.3275,8878.0,0.9315,82.7
Jordan,2017,2.1063,187.0,1.0982,97.5,10.2299,8878.0,0.8786,78.0
Jordan,2019,,,,,13.4833,,,
Kazakhstan,2005,10.5798,28562.3,1.2361,3337.0,9.1587,269970.0,0.0429,115.7
Kazakhstan,2010,10.6248,28683.8,1.2257,3309.0,10.4112,269970.0,0.0431,116.3
Kazakhstan,2017,10.8882,29395.0,1.2257,3309.0,11.1483,269970.0,0.0489,132.0
Kazakhstan,2019,,,,,11.1483,,,
Kenya,2005,9.249,5264.0,7.1107,4047.0,33.2428,56914.0,0.7696,438.0
Kenya,2010,9.6637,5500.0,7.4323,4230.0,34.3582,56914.0,0.9137,520.0
Kenya,2017,10.1908,5800.0,7.7538,4413.0,34.518,56914.0,0.9312,530.0
Kenya,2019,,,,,34.518,,,
Kiribati,2005,2.4691,2.0,15.0,12.15,0.0,81.0,39.5062,32.0
Kiribati,2010,2.4691,2.0,15.0,12.15,40.0,81.0,39.5062,32.0
Kiribati,2017,2.4691,2.0,15.0,12.15,40.0,81.0,39.5062,32.0
Kiribati,2019,,,,,40.0,,,
Kuwait,2005,0.6173,11.0,0.3114,5.55,30.9582,1782.0,0.1684,3.0
Kuwait,2010,0.5612,10.0,0.3507,6.25,30.9582,1782.0,0.3367,6.0
Kuwait,2017,0.4826,8.6,0.3507,6.25,51.6498,1782.0,0.3816,6.8
Kuwait,2019,,,,,51.6498,,,
Kyrgyzstan,2005,6.6945,1284.0,4.5323,869.3,25.7478,19180.0,0.3754,72.0
Kyrgyzstan,2010,6.6538,1276.2,3.5297,677.0,25.7478,19180.0,0.3869,74.2
Kyrgyzstan,2017,6.7143,1287.8,3.3212,637.0,25.7478,19180.0,0.3962,76.0
Kyrgyzstan,2019,,,,,25.7478,,,
Lao People's Dem. Rep.,2005,4.9827,1150.0,73.0923,16869.71,44.0417,23080.0,0.3683,85.0
Lao People's Dem. Rep.,2010,6.0659,1400.0,77.1905,17815.56,44.0417,23080.0,0.5633,130.0
Lao People's Dem. Rep.,2017,6.7374,1555.0,81.2886,18761.41,44.0417,23080.0,0.7322,169.0
Lao People's Dem. Rep.,2019,,,,,44.0417,,,
Latin America & the Caribbean,2005,6.7876,2013990.2,47.8764,964226.606,30.6293,2013990.2,6.7876,23866.23
Latin America & the Caribbean,2010,7.1256,2013993.2,46.9905,946385.667,34.9284,2013993.2,7.1256,23621.0
Latin America & the Caribbean,2017,7.4886,2013733.2,46.4558,935495.322,37.7083,2013733.2,7.4886,22485.94
Latin America & the Caribbean,2019,,,,,38.0374,,,
Latvia,2005,17.5574,1092.0,53.0098,3297.0,90.9503,6219.6,0.209,13.0
Latvia,2010,18.8464,1173.0,53.8882,3354.0,97.2208,6224.0,0.1125,7.0
Latvia,2017,20.7696,1290.0,54.0332,3356.0,97.2209,6211.0,0.1288,8.0
Latvia,2019,,,,,97.2209,,,
Lebanon,2005,13.8514,141.7,13.3431,136.5,11.4187,1023.0,13.8123,141.3
Lebanon,2010,11.1437,114.0,13.3822,136.9,11.4231,1023.0,12.3167,126.0
Lebanon,2017,12.9032,132.0,13.4213,137.3,12.3445,1023.0,12.3167,126.0
Lebanon,2019,,,,,12.3445,,,
Lesotho,2005,10.639,323.0,1.4163,43.0,16.4302,3036.0,0.1318,4.0
Lesotho,2010,10.6061,322.0,1.4493,44.0,16.4302,3036.0,0.1318,4.0
Lesotho,2017,13.6364,414.0,1.614,49.0,16.4302,3036.0,0.1318,4.0
Lesotho,2019,,,,,16.4302,,,
Liberia,2005,4.1528,400.0,46.5012,4479.0,15.7874,9632.0,2.2321,215.0
Liberia,2010,4.9834,480.0,44.9439,4329.0,15.7874,9632.0,1.8688,180.0
Liberia,2017,5.191,500.0,43.3866,4179.0,15.7874,9632.0,2.1802,210.0
Liberia,2019,,,,,15.7874,,,
Libya,2005,0.9946,1750.0,0.1233,217.0,0.0,175954.0,0.1904,335.0
Libya,2010,0.9753,1716.0,0.1233,217.0,0.0,175954.0,0.1904,335.0
Libya,2017,0.9775,1720.0,0.1233,217.0,0.0,175954.0,0.1875,330.0
Libya,2019,,,,,0.0,,,
Liechtenstein,2005,24.375,3.9,43.125,6.9,80.8203,16.0,,
Liechtenstein,2010,20.625,3.3,43.125,6.9,80.8203,16.0,,
Liechtenstein,2017,13.5,2.16,43.125,6.9,80.8203,16.0,,
Liechtenstein,2019,,,,,80.8203,,,
Lithuania,2005,30.4164,1906.5,33.8385,2121.0,90.1753,6268.0,0.635,39.8
Lithuania,2010,33.9434,2127.4,34.6231,2170.0,91.061,6267.5,0.4898,30.7
Lithuania,2017,33.5834,2103.7,34.8015,2180.0,91.0613,6264.1,0.5667,35.5
Lithuania,2019,,,,,91.0613,,,
Luxembourg,2005,24.6914,60.0,35.679,86.7,78.1309,243.0,0.823,2.0
Luxembourg,2010,25.4938,61.95,35.679,86.7,78.1328,243.0,0.6173,1.5
Luxembourg,2017,25.53,62.038,35.679,86.7,81.8646,243.0,0.6395,1.554
Luxembourg,2019,,,,,81.8653,,,
Madagascar,2005,5.1587,3000.0,22.0759,12838.0,20.4275,58154.0,1.0317,600.0
Madagascar,2010,5.1587,3000.0,21.5858,12553.0,22.4395,58154.0,1.0317,600.0
Madagascar,2017,5.1564,3000.0,21.4386,12473.0,25.0426,58180.0,1.0313,600.0
Madagascar,2019,,,,,25.0426,,,
Malawi,2005,33.9415,3200.0,36.084,3402.0,73.7205,9428.0,1.3789,130.0
Malawi,2010,39.2448,3700.0,34.3339,3237.0,73.7205,9428.0,1.4319,135.0
Malawi,2017,38.1841,3600.0,33.3793,3147.0,73.7205,9428.0,2.1213,200.0
Malawi,2019,,,,,73.7205,,,
Malaysia,2005,2.8897,949.41,63.5824,20890.0,28.5058,32855.0,17.9577,5900.0
Malaysia,2010,2.6002,854.3,67.3383,22124.0,28.5058,32855.0,19.023,6250.0
Malaysia,2017,2.5725,845.2,67.5544,22195.0,28.5058,32855.0,22.7058,7460.0
Malaysia,2019,,,,,28.5058,,,
Maldives,2005,10.0,3.0,3.3333,1.0,0.0,30.0,16.6667,5.0
Maldives,2010,13.0,3.9,3.3333,1.0,0.0,30.0,10.0,3.0
Maldives,2017,13.0,3.9,3.3333,1.0,0.0,30.0,10.0,3.0
Maldives,2019,,,,,0.0,,,
Mali,2005,4.5919,5603.0,4.5116,5505.0,8.056,122019.0,0.1229,150.0
Mali,2010,5.1312,6261.0,4.1879,5110.0,8.056,122019.0,0.1229,150.0
Mali,2017,5.2541,6411.0,3.8642,4715.0,8.056,122019.0,0.1229,150.0
Mali,2019,,,,,8.056,,,
Malta,2005,25.625,8.2,1.0844,0.347,72.4828,32.0,3.4375,1.1
Malta,2010,28.375,9.08,1.0844,0.347,77.4586,32.0,3.9063,1.25
Malta,2017,28.3438,9.07,1.0844,0.347,84.4899,32.0,4.0938,1.31
Malta,2019,,,,,84.4899,,,
Marshall Islands,2005,11.1111,2.0,70.2,12.636,7.2007,18.0,44.4444,8.0
Marshall Islands,2010,11.1111,2.0,70.2,12.636,8.399,18.0,44.4444,8.0
Marshall Islands,2017,11.1111,2.0,70.2,12.636,10.1131,18.0,35.0,6.3
Marshall Islands,2019,,,,,10.1131,,,
Martinique,2005,9.434,10.0,45.7547,48.5,52.5937,106.0,7.5472,8.0
Martinique,2010,9.6226,10.2,45.7547,48.5,97.1841,106.0,6.9811,7.4
Martinique,2017,8.9434,9.48,45.7547,48.5,99.6979,106.0,5.1509,5.46
Martinique,2019,,,,,99.6979,,,
Mauritania,2005,0.3881,400.0,0.259,267.0,11.1722,103070.0,0.0107,11.0
Mauritania,2010,0.4366,450.0,0.2348,242.0,11.1722,103070.0,0.0107,11.0
Mauritania,2017,0.3881,400.0,0.2178,224.5,11.1722,103070.0,0.0107,11.0
Mauritania,2019,,,,,11.1722,,,
Mauritius,2005,41.8719,85.0,18.8177,38.2,8.9594,203.0,1.9704,4.0
Mauritius,2010,39.4089,80.0,18.9163,38.4,9.0208,203.0,1.9704,4.0
Mauritius,2017,36.9458,75.0,19.0148,38.6,9.6385,203.0,1.9704,4.0
Mauritius,2019,,,,,9.6385,,,
Mayotte,2005,26.738,10.0,20.7487,7.76,31.718,37.4,26.738,10.0
Mayotte,2010,44.385,16.6,18.1551,6.79,64.0506,37.4,9.0909,3.4
Mayotte,2017,46.123,17.25,15.5615,5.82,64.2719,37.4,7.2995,2.73
Mayotte,2019,,,,,64.2719,,,
Melanesia,2005,0.855,452.8,71.9486,38103.26,,52959.0,1.6481,872.8
Melanesia,2010,0.9645,510.8,71.8629,38057.896,,52959.0,1.8765,993.8
Melanesia,2017,0.9654,511.24,71.8295,38040.195,,52959.0,1.8769,994.0
Mexico,2005,11.9838,23296.0,34.5086,67083.0,27.7547,194395.0,1.3411,2607.0
Mexico,2010,11.0738,21527.0,34.2077,66498.0,34.0083,194395.0,1.3637,2651.0
Mexico,2017,12.2971,23905.0,33.9721,66040.0,37.0294,194395.0,1.373,2669.0
Mexico,2019,,,,,37.0733,,,
Micronesia,2005,3.3123,10.5,58.4303,185.224,,317.0,22.2082,70.4
Micronesia,2010,2.8391,9.0,58.2136,184.537,,317.0,21.8927,69.4
Micronesia,2017,2.8391,9.0,57.9968,183.85,,317.0,21.3565,67.7
Micronesia (Fed. States of),2005,3.5714,2.5,91.4186,63.993,0.0239,70.0,24.2857,17.0
Micronesia (Fed. States of),2010,2.8571,2.0,91.6129,64.129,0.0239,70.0,24.2857,17.0
Micronesia (Fed. States of),2017,2.8571,2.0,91.8071,64.265,0.0239,70.0,24.2857,17.0
Micronesia (Fed. States of),2019,,,,,0.0239,,,
Middle Africa,2005,3.5009,22745.0,47.7912,310491.0,,649682.0,0.4251,2762.0
Middle Africa,2010,3.7035,24061.0,47.1581,306377.6,,649682.0,0.5002,3250.0
Middle Africa,2017,4.756,30899.0,46.6768,303250.6,,649682.0,0.5895,3830.0
Mongolia,2005,0.4474,695.0,7.2788,11308.0,34.5183,155356.0,0.0013,2.0
Mongolia,2010,0.3952,614.0,8.3931,13039.2,37.1578,155356.0,0.0019,3.0
Mongolia,2017,0.3642,567.2,8.0608,12552.8,41.7337,155725.54,0.0032,5.0
Mongolia,2019,,,,,41.7337,,,
Montenegro,2005,,,,,11.1112,,,
Montenegro,2010,12.7881,172.0,61.487,827.0,11.1112,1345.0,1.1896,16.0
Montenegro,2017,0.684,9.2,61.487,827.0,11.1112,1345.0,0.4015,5.4
Montenegro,2019,,,,,11.1112,,,
Montserrat,2005,20.0,2.0,25.0,2.5,0.0,10.0,,
Montserrat,2010,20.0,2.0,25.0,2.5,0.0,10.0,,
Montserrat,2017,20.0,2.0,25.0,2.5,30.6273,10.0,,
Montserrat,2019,,,,,30.6273,,,
Morocco,2005,18.1985,8122.0,12.1017,5401.0,17.8557,44630.0,1.9426,867.0
Morocco,2010,17.3186,7729.3,12.7089,5672.0,20.7102,44630.0,2.821,1259.0
Morocco,2017,17.5129,7816.0,12.6193,5632.0,53.8107,44630.0,3.5178,1570.0
Morocco,2019,,,,,53.8108,,,
Mozambique,2005,6.3582,5000.0,50.9665,40079.0,17.3604,78638.0,0.3179,250.0
Mozambique,2010,7.1848,5650.0,49.5587,38972.0,17.3604,78638.0,0.3815,300.0
Mozambique,2017,7.1848,5650.0,48.2464,37940.0,21.7082,78638.0,0.3815,300.0
Mozambique,2019,,,,,21.7082,,,
Myanmar,2005,15.3958,10059.0,50.9994,33321.0,20.2943,65336.0,1.3714,896.0
Myanmar,2010,16.5493,10811.0,48.6376,31773.0,21.8548,65326.0,2.1523,1406.0
Myanmar,2017,16.9451,11061.6,44.4875,29041.0,24.9458,65279.0,2.3131,1510.0
Myanmar,2019,,,,,24.9458,,,
Namibia,2005,0.9887,814.0,9.3053,7661.0,42.0648,82329.0,0.0073,6.0
Namibia,2010,0.9717,800.0,8.8547,7290.0,83.3252,82329.0,0.0109,9.0
Namibia,2017,0.9717,800.0,8.4041,6919.0,86.0855,82329.0,0.0121,10.0
Namibia,2019,,,,,86.0855,,,
Nauru,2005,,,0.0,0.0,0.0,2.0,20.0,0.4
Nauru,2010,,,0.0,0.0,0.0,2.0,20.0,0.4
Nauru,2017,,,0.0,0.0,0.0,2.0,20.0,0.4
Nauru,2019,,,,,0.0,,,
Nepal,2005,15.9051,2280.0,25.3645,3636.0,43.6766,14335.0,0.9278,133.0
Nepal,2010,15.2075,2180.0,25.3645,3636.0,50.6544,14335.0,1.0603,152.0
Nepal,2017,14.745,2113.7,25.3645,3636.0,50.6575,14335.0,1.4789,212.0
Nepal,2019,,,,,50.6575,,,
Netherlands,2005,32.9088,1111.0,10.8116,365.0,95.1249,3376.0,0.9419,31.8
Netherlands,2010,30.3172,1022.6,11.0584,373.0,97.2095,3373.0,1.0792,36.4
Netherlands,2017,30.7989,1037.0,11.1672,376.0,97.3594,3367.0,1.1286,38.0
Netherlands,2019,,,,,97.9043,,,
Netherlands Antilles [former],2005,10.0,8.0,1.475,1.18,,80.0,,
Netherlands Antilles [former],2010,10.0,8.0,1.475,1.18,,80.0,,
Netherlands Antilles [former],2017,10.0,8.0,1.475,1.18,,80.0,,
New Caledonia,2005,0.372,6.8,45.8972,839.0,9.1111,1828.0,0.2079,3.8
New Caledonia,2010,0.372,6.8,45.8972,839.0,26.5609,1828.0,0.2079,3.8
New Caledonia,2017,0.3414,6.24,45.8972,839.0,36.3927,1828.0,0.2188,4.0
New Caledonia,2019,,,,,36.3927,,,
New Zealand,2005,1.6141,425.0,38.673,10183.0,44.2169,26331.0,0.2393,63.0
New Zealand,2010,1.8951,499.0,38.5515,10151.0,45.7158,26331.0,0.2696,71.0
New Zealand,2017,2.1647,570.0,38.5553,10152.0,46.4119,26331.0,0.2848,75.0
New Zealand,2019,,,,,46.4358,,,
Nicaragua,2005,16.6196,2000.0,28.7851,3464.0,70.4075,12034.0,2.4098,290.0
Nicaragua,2010,12.7223,1531.0,25.8767,3114.0,70.4075,12034.0,2.4514,295.0
Nicaragua,2017,12.4979,1504.0,25.8767,3114.0,70.4075,12034.0,2.3766,286.0
Nicaragua,2019,,,,,70.4075,,,
Niger,2005,11.1494,14123.0,0.9994,1266.0,24.9098,126670.0,0.0474,60.0
Niger,2010,11.9207,15100.0,0.9505,1204.0,24.9098,126670.0,0.0789,100.0
Niger,2017,13.9733,17700.0,0.9016,1142.0,33.112,126670.0,0.0932,118.0
Niger,2019,,,,,33.112,,,
Nigeria,2005,39.527,36000.0,12.1754,11089.0,64.3201,91077.0,7.027,6400.0
Nigeria,2010,36.2331,33000.0,9.9268,9041.0,80.4143,91077.0,7.3564,6700.0
Nigeria,2017,37.331,34000.0,7.6781,6993.0,80.4143,91077.0,7.1368,6500.0
Nigeria,2019,,,,,80.4143,,,
Niue,2005,3.8462,1.0,73.4615,19.1,0.0,26.0,10.7692,2.8
Niue,2010,3.8462,1.0,71.5385,18.6,0.0,26.0,11.5385,3.0
Niue,2017,3.8462,1.0,69.6154,18.1,0.0,26.0,11.5385,3.0
Niue,2019,,,,,0.0,,,
Norfolk Island,2005,,,11.5,0.46,,4.0,,
Norfolk Island,2010,,,11.5,0.46,,4.0,,
Norfolk Island,2017,,,11.5,0.46,,4.0,,
North Macedonia,2005,17.617,448.0,38.3405,975.0,25.7739,2543.0,1.5336,39.0
North Macedonia,2010,16.4155,414.0,39.5718,998.0,26.0043,2522.0,1.3878,35.0
North Macedonia,2017,16.5345,417.0,39.5718,998.0,26.0043,2522.0,1.586,40.0
North Macedonia,2019,,,,,26.0043,,,
Northern Africa,2005,4.9437,41430.0,4.4096,36954.088,18.7614,838039.0,0.6336,5310.0
Northern Africa,2010,5.0743,42525.0,4.3928,36813.012,21.9788,838039.0,0.6927,5805.5
Northern Africa,2017,5.0389,42227.7371,3.4409,28835.938,34.9273,838039.0,0.7653,6413.619
Northern Africa,2019,,,,,34.9273,,,
Northern America,2005,11.1062,205890.0,35.1887,652337.22,34.3775,1853824.4,0.1545,2865.0
Northern America,2010,10.5544,195506.8,35.4154,656026.12,39.5884,1852374.4,0.1499,2777.0
Northern America,2017,10.5819,196017.2,35.4771,657168.02,41.384,1852374.4,0.1498,2774.3
Northern America,2019,,,,,41.384,,,
Northern Europe,2005,11.0301,18785.41,43.7069,74437.378,,170310.4,0.0794,135.2
Northern Europe,2010,11.2852,19212.49,43.8014,74569.778,,170245.3,0.0654,111.4
Northern Europe,2017,11.0315,18729.2444,44.0188,74734.759,,169779.3,0.0786,133.481
Northern Mariana Islands,2005,2.1739,1.0,67.7,31.142,7.0019,46.0,2.1739,1.0
Northern Mariana Islands,2010,2.1739,1.0,65.9109,30.319,40.587,46.0,2.1739,1.0
Northern Mariana Islands,2017,2.1739,1.0,64.1217,29.496,40.587,46.0,2.1739,1.0
Northern Mariana Islands,2019,,,,,40.587,,,
Norway,2005,2.3601,862.0,33.1066,12092.0,52.1668,36524.4,0.0137,5.0
Norway,2010,2.2604,825.6,33.134,12102.0,54.4202,36524.4,0.0123,4.5
Norway,2017,2.1952,801.49,33.1737,12112.0,57.0244,36510.8,0.0083,3.02
Norway,2019,,,,,57.7239,,,
Oceania,2005,3.2199,27325.85,20.7959,176485.335,24.5082,848654.7,0.1673,1419.49
Oceania,2010,3.1228,26502.2,20.2676,172001.625,29.7197,848654.7,0.2027,1719.94
Oceania,2017,3.7519,31876.74,20.4235,173523.578,33.7363,849626.7,0.1798,1527.5
Oceania,2019,,,,,33.7399,,,
Oman,2005,0.0905,28.0,0.0065,2.0,8.4995,30950.0,0.1195,37.0
Oman,2010,0.1108,34.3,0.0065,2.0,8.4995,30950.0,0.1237,38.3
Oman,2017,0.2239,69.3,0.0065,2.0,11.8079,30950.0,0.1021,31.61
Oman,2019,,,,,11.8079,,,
Other non-specified areas,2005,17.0291,603.0,,,,3541.0,6.4953,230.0
Other non-specified areas,2010,16.8879,598.0,,,,3541.0,6.0717,215.0
Other non-specified areas,2017,16.6055,588.0,,,,3541.0,5.7893,205.0
Pakistan,2005,39.1371,30170.0,2.4673,1902.0,34.7882,77088.0,1.0313,795.0
Pakistan,2010,38.1253,29390.0,2.1884,1687.0,34.7882,77088.0,1.1052,852.0
Pakistan,2017,40.4862,31210.0,1.9095,1472.0,34.7882,77088.0,1.0287,793.0
Pakistan,2019,,,,,34.7882,,,
Palau,2005,2.1739,1.0,87.6152,40.303,27.8746,46.0,4.3478,2.0
Palau,2010,2.1739,1.0,87.6152,40.303,44.0057,46.0,4.3478,2.0
Palau,2017,2.1739,1.0,87.6152,40.303,44.0057,46.0,4.3478,2.0
Palau,2019,,,,,44.0057,,,
Panama,2005,7.3715,548.0,64.3261,4782.0,34.3527,7434.0,2.1523,160.0
Panama,2010,7.6525,568.89,63.2096,4699.0,34.3527,7434.0,2.5356,188.5
Panama,2017,7.6228,565.0,62.2909,4617.0,34.3527,7412.0,2.496,185.0
Panama,2019,,,,,34.3527,,,
Papua New Guinea,2005,0.53,240.0,74.1642,33586.0,6.8811,45286.0,1.3249,600.0
Papua New Guinea,2010,0.6625,300.0,74.1355,33573.0,6.8811,45286.0,1.5457,700.0
Papua New Guinea,2017,0.6625,300.0,74.1046,33559.0,6.8811,45286.0,1.5457,700.0
Papua New Guinea,2019,,,,,6.8811,,,
Paraguay,2005,8.7088,3460.0,46.5014,18475.0,30.4084,39730.0,0.2517,100.0
Paraguay,2010,10.4329,4145.0,42.663,16950.0,36.1554,39730.0,0.2139,85.0
Paraguay,2017,12.2426,4864.0,38.5678,15323.0,36.2526,39730.0,0.2139,85.0
Paraguay,2019,,,,,36.2526,,,
Peru,2005,3.0703,3930.0,59.0063,75528.0,21.5755,128000.0,0.8516,1090.0
Peru,2010,3.1914,4085.0,58.4461,74811.0,26.4937,128000.0,1.0211,1307.0
Peru,2017,2.725,3488.0,57.7914,73973.0,28.235,128000.0,1.0773,1379.0
Peru,2019,,,,,29.0947,,,
Philippines,2005,16.7857,5005.0,23.7247,7074.0,37.2627,29817.0,16.2659,4850.0
Philippines,2010,17.7751,5300.0,22.9399,6840.0,39.856,29817.0,17.7751,5300.0
Philippines,2017,18.7477,5590.0,26.9645,8040.0,40.1267,29817.0,17.9428,5350.0
Philippines,2019,,,,,40.1267,,,
Pitcairn,2005,,,74.4681,3.5,,4.7,,
Pitcairn,2010,,,74.4681,3.5,,4.7,,
Pitcairn,2017,,,74.4681,3.5,,4.7,,
Poland,2005,39.6337,12141.0,30.033,9200.0,70.3968,30633.0,1.234,378.0
Poland,2010,35.3565,10829.0,30.4591,9329.0,86.4953,30628.0,1.2733,390.0
Poland,2017,35.6217,10907.0,30.8142,9435.0,87.3439,30619.0,1.2541,384.0
Poland,2019,,,,,87.3464,,,
Polynesia,2005,4.3689,35.55,45.7651,372.391,,813.7,9.007,73.29
Polynesia,2010,4.0801,33.2,48.7565,396.732,,813.7,8.3495,67.94
Polynesia,2017,4.2399,34.5,48.6756,396.073,,813.7,8.4552,68.8
Portugal,2005,14.272,1305.46,36.0337,3296.0,58.0492,9147.0,8.1932,749.43
Portugal,2010,12.5294,1147.57,35.3641,3239.0,70.6438,9159.0,7.7956,714.0
Portugal,2017,10.2773,941.46,34.7359,3182.0,73.1083,9160.56,8.3832,767.95
Portugal,2019,,,,,73.274,,,
Puerto Rico,2005,7.4634,66.2,52.1838,462.87,32.8276,887.0,4.1714,37.0
Puerto Rico,2010,7.8692,69.8,54.0485,479.41,32.8276,887.0,4.1714,37.0
Puerto Rico,2017,7.8918,70.0,55.9132,495.95,32.8276,887.0,4.1714,37.0
Puerto Rico,2019,,,,,32.8276,,,
Qatar,2005,0.9991,11.6,0.0,0.0,39.9747,1161.0,0.2239,2.6
Qatar,2010,1.1826,13.73,0.0,0.0,39.9747,1161.0,0.2386,2.77
Qatar,2017,1.2185,14.0,0.0,0.0,39.9747,1149.0,0.2611,3.0
Qatar,2019,,,,,39.9747,,,
Republic of Korea,2005,16.9644,1643.0,64.5844,6255.0,26.4002,9685.0,1.8689,181.0
Republic of Korea,2010,15.5041,1507.0,64.0123,6222.0,33.7867,9720.0,2.1399,208.0
Republic of Korea,2017,14.3237,1396.7,63.4191,6184.0,36.5226,9751.0,2.2972,224.0
Republic of Korea,2019,,,,,37.475,,,
Republic of Moldova,2005,55.7312,1833.0,11.0368,363.0,0.0,3289.0,9.1821,302.0
Republic of Moldova,2010,55.1903,1813.0,11.7504,386.0,0.0,3285.0,9.102,299.0
Republic of Moldova,2017,52.8428,1738.0,12.4354,409.0,0.0,3289.0,7.2058,237.0
Republic of Moldova,2019,,,,,0.0,,,
Romania,2005,39.0686,8985.0,27.7894,6391.0,17.1745,22998.0,2.2176,510.0
Romania,2010,39.7566,9146.0,28.3199,6515.0,65.0326,23005.0,2.0126,463.0
Romania,2017,37.1306,8543.0,29.8201,6861.0,76.0219,23008.0,1.8037,415.0
Romania,2019,,,,,76.0219,,,
Russian Federation,2005,7.4341,121781.0,49.3725,808790.0,24.9575,1638139.0,0.1099,1800.0
Russian Federation,2010,7.4281,121649.0,49.7736,815135.6,25.0919,1637687.0,0.1008,1650.0
Russian Federation,2017,7.4281,121649.0,49.7611,814930.5,25.124,1637687.0,0.0977,1600.0
Russian Federation,2019,,,,,25.124,,,
Rwanda,2005,43.8954,1082.9,15.606,385.0,51.6852,2467.0,10.1338,250.0
Rwanda,2010,45.5582,1123.92,18.0786,446.0,51.6852,2467.0,10.1338,250.0
Rwanda,2017,46.6842,1151.7,19.4568,480.0,51.6852,2467.0,10.1338,250.0
Rwanda,2019,,,,,51.6852,,,
Réunion,2005,14.0,35.0,34.0,85.0,0.8645,250.0,1.2,3.0
Réunion,2010,14.12,35.3,35.2,88.0,47.0942,250.0,1.16,2.9
Réunion,2017,13.6135,34.17,35.0598,88.0,47.0943,251.0,1.1753,2.95
Réunion,2019,,,,,47.0943,,,
Saint Helena,2005,10.2564,4.0,5.1282,2.0,,39.0,,
Saint Helena,2010,10.2564,4.0,5.1282,2.0,,39.0,,
Saint Helena,2017,10.2564,4.0,5.1282,2.0,,39.0,,
Saint Kitts and Nevis,2005,15.2692,3.97,42.3077,11.0,0.0,26.0,0.1154,0.03
Saint Kitts and Nevis,2010,17.3077,4.5,42.3077,11.0,22.3495,26.0,0.3846,0.1
Saint Kitts and Nevis,2017,19.2308,5.0,42.3077,11.0,56.8199,26.0,0.3846,0.1
Saint Kitts and Nevis,2019,,,,,56.8199,,,
Saint Lucia,2005,3.6066,2.2,34.2623,20.9,32.569,61.0,12.623,7.7
Saint Lucia,2010,4.918,3.0,33.7705,20.6,45.5615,61.0,11.4754,7.0
Saint Lucia,2017,4.918,3.0,33.2787,20.3,45.5615,61.0,11.4754,7.0
Saint Lucia,2019,,,,,45.5615,,,
Saint Pierre and Miquelon,2005,13.0435,3.0,13.0435,3.0,,23.0,,
Saint Pierre and Miquelon,2010,13.0435,3.0,12.6087,2.9,,23.0,,
Saint Pierre and Miquelon,2017,8.6957,2.0,12.1739,2.8,,23.0,,
Saint Vincent & Grenadines,2005,12.8205,5.0,66.6667,26.0,42.974,39.0,7.6923,3.0
Saint Vincent & Grenadines,2010,12.8205,5.0,69.2308,27.0,42.974,39.0,7.6923,3.0
Saint Vincent & Grenadines,2017,12.8205,5.0,69.2308,27.0,42.974,39.0,7.6923,3.0
Saint Vincent & Grenadines,2019,,,,,42.974,,,
Samoa,2005,3.8869,11.0,60.424,171.0,8.3338,283.0,9.5406,27.0
Samoa,2010,2.8269,8.0,60.424,171.0,8.3338,283.0,7.7739,22.0
Samoa,2017,2.8269,8.0,60.424,171.0,13.6943,283.0,7.7739,22.0
Samoa,2019,,,,,13.6943,,,
San Marino,2005,16.6667,1.0,0.0,0.0,,6.0,,
San Marino,2010,16.6667,1.0,0.0,0.0,,6.0,,
San Marino,2017,16.6667,1.0,0.0,0.0,,6.0,,
Sao Tome and Principe,2005,7.2917,7.0,58.3333,56.0,0.0,96.0,41.6667,40.0
Sao Tome and Principe,2010,6.25,6.0,55.8333,53.6,79.5465,96.0,40.625,39.0
Sao Tome and Principe,2017,4.1667,4.0,55.8333,53.6,79.5465,96.0,40.625,39.0
Sao Tome and Principe,2019,,,,,79.5465,,,
Saudi Arabia,2005,1.6281,3500.0,0.4545,977.0,21.9803,214969.0,0.1009,217.0
Saudi Arabia,2010,1.4793,3180.0,0.4545,977.0,21.9803,214969.0,0.1051,226.0
Saudi Arabia,2017,1.6123,3466.0,0.4545,977.0,21.9803,214969.0,0.0679,146.0
Saudi Arabia,2019,,,,,21.9803,,,
Senegal,2005,16.2364,3126.0,45.0475,8673.0,31.4863,19253.0,0.2597,50.0
Senegal,2010,19.7372,3800.0,44.0087,8473.0,31.4863,19253.0,0.3013,58.0
Senegal,2017,16.6208,3200.0,42.9699,8273.0,37.8297,19253.0,0.4051,78.0
Senegal,2019,,,,,37.8297,,,
Serbia,2005,,,,,20.8162,,,
Serbia,2010,30.3487,2654.3,31.0199,2713.0,22.3216,8746.0,2.1736,190.1
Serbia,2017,29.6707,2595.0,31.0999,2720.0,26.1262,8746.0,2.3782,208.0
Serbia,2019,,,,,26.1262,,,
Serbia and Monten. [former],2005,34.3627,3505.0,30.4118,3102.0,,10200.0,3.1078,317.0
Seychelles,2005,2.1739,1.0,88.4043,40.666,28.5732,46.0,6.5217,3.0
Seychelles,2010,1.9565,0.9,88.4043,40.666,28.5732,46.0,3.2609,1.5
Seychelles,2017,0.3261,0.15,88.4043,40.666,28.5732,46.0,3.0435,1.4
Seychelles,2019,,,,,28.5732,,,
Sierra Leone,2005,20.3937,1472.02,39.1244,2824.0,46.1265,7218.0,1.9396,140.0
Sierra Leone,2010,21.895,1580.38,37.7667,2726.0,55.1132,7218.0,2.0781,150.0
Sierra Leone,2017,21.9451,1584.0,42.1723,3044.0,57.2646,7218.0,2.286,165.0
Sierra Leone,2019,,,,,57.2646,,,
Singapore,2005,0.9579,0.66,23.73,16.35,21.1434,68.9,0.1451,0.1
Singapore,2010,0.9117,0.64,23.2906,16.35,21.1434,70.2,0.1425,0.1
Singapore,2017,0.7898,0.56,23.0606,16.35,21.1434,70.9,0.141,0.1
Singapore,2019,,,,,21.1434,,,
Sint Maarten (Dutch part),2005,,,,,5.0996,,,
Sint Maarten (Dutch part),2010,,,,,5.0996,,,
Sint Maarten (Dutch part),2019,,,,,5.0996,,,
Slovakia,2005,28.9189,1391.0,40.1663,1932.0,77.5986,4810.0,0.5405,26.0
Slovakia,2010,28.9451,1392.0,40.3194,1939.0,77.5997,4809.1,0.5282,25.4
Slovakia,2017,27.9326,1343.0,40.3494,1940.0,85.7924,4808.0,0.3744,18.0
Slovakia,2019,,,,,85.7924,,,
Slovenia,2005,8.7388,176.0,61.718,1243.0,86.0968,2014.0,1.3903,28.0
Slovenia,2010,9.1625,184.59,61.8975,1247.0,86.1099,2014.62,2.5672,51.72
Slovenia,2017,9.1204,183.63,61.985,1248.0,88.6963,2013.39,2.7019,54.4
Slovenia,2019,,,,,88.6963,,,
Solomon Islands,2005,0.5716,16.0,80.0643,2241.0,3.3714,2799.0,2.3223,65.0
Solomon Islands,2010,0.6788,19.0,79.064,2213.0,4.4338,2799.0,2.8582,80.0
Solomon Islands,2017,0.7145,20.0,78.0636,2185.0,4.4338,2799.0,2.8582,80.0
Solomon Islands,2019,,,,,4.4338,,,
Somalia,2005,2.1519,1350.0,11.367,7131.0,0.0,62734.0,0.043,27.0
Somalia,2010,1.7534,1100.0,10.7549,6747.0,0.0,62734.0,0.0446,28.0
Somalia,2017,1.7534,1100.0,10.1428,6363.0,0.0,62734.0,0.0399,25.0
Somalia,2019,,,,,0.0,,,
South Africa,2005,10.8607,13175.0,7.6177,9241.0,28.3086,121309.0,0.3132,380.0
South Africa,2010,10.3315,12533.0,7.6177,9241.0,28.9578,121309.0,0.3545,430.0
South Africa,2017,9.8921,12000.0,7.6177,9241.0,31.1705,121309.0,0.3405,413.0
South Africa,2019,,,,,32.5125,,,
South America,2005,5.8257,101726.5,49.7439,868611.396,,1746165.2,1.0139,17705.0
South America,2010,6.3626,111101.9,48.8002,852133.176,,1746168.2,0.9827,17160.1
South America,2017,6.689,116801.34,48.2204,842010.616,,1746172.2,0.8826,15412.04
South Sudan,2005,,,,,29.846,,,
South Sudan,2010,,,,,33.5977,,,
South Sudan,2017,,,,7157.0,33.5977,,,
South Sudan,2019,,,,,33.5977,,,
South-eastern Asia,2005,15.0988,65540.07,50.0196,217123.06,26.3436,434075.9,8.4136,36521.2
South-eastern Asia,2010,15.6928,68117.34,49.4379,214593.91,30.6837,434067.2,9.7911,42499.8
South-eastern Asia,2017,16.618,73221.66,47.8328,210758.76,35.542,440615.8,11.0671,48763.6
South-eastern Asia,2019,,,,,35.5813,,,
Southern Africa,2005,5.5571,14730.0,11.1025,29429.0,,265067.0,0.153,405.5
Southern Africa,2010,5.3153,14089.0,10.7478,28489.0,,265067.0,0.1735,460.0
Southern Africa,2017,5.1484,13646.8,10.4257,27635.0,,265067.0,0.1675,444.0
Southern Asia,2005,35.2189,225413.0,14.299,91518.627,24.7152,640033.7,2.286,14631.0
Southern Asia,2010,34.5072,220857.5,14.594,93406.271,25.6941,640033.7,2.635,16864.8
Southern Asia,2017,34.5721,221273.93,14.7002,94086.915,28.0778,640036.4,2.7974,17904.5
Southern Asia,2019,,,,,28.0778,,,
Southern Europe,2005,24.0727,31212.46,33.3921,43295.837,,129659.0,7.7469,10044.53
Southern Europe,2010,22.5672,29254.71,34.7902,45099.847,,129633.62,7.471,9684.87
Southern Europe,2017,21.4184,27769.117,35.2013,45638.717,,129650.685,7.432,9635.66
Spain,2005,25.8731,12913.0,34.6272,17282.09,52.7477,49909.0,9.88,4931.0
Spain,2010,25.0555,12528.0,36.4937,18247.2,54.6192,50001.0,9.3858,4693.0
Spain,2017,24.5297,12253.767,36.8691,18417.87,57.5909,49954.735,9.4714,4731.4
Spain,2019,,,,,57.5912,,,
Sri Lanka,2005,17.5411,1100.0,33.7745,2118.0,36.8451,6271.0,15.468,970.0
Sri Lanka,2010,19.1357,1200.0,33.5353,2103.0,41.1126,6271.0,15.6275,980.0
Sri Lanka,2017,20.7303,1300.0,33.0091,2070.0,43.6935,6271.0,15.9464,1000.0
Sri Lanka,2019,,,,,43.6935,,,
State of Palestine,2005,16.4452,99.0,1.5233,9.17,12.4871,602.0,19.0698,114.8
State of Palestine,2010,7.2591,43.7,1.5233,9.17,16.8341,602.0,9.0033,54.2
State of Palestine,2017,8.4419,50.82,1.5233,9.17,24.3882,602.0,15.9635,96.1
State of Palestine,2019,,,,,24.4038,,,
Sub-Saharan Africa,2005,8.1918,174220.92,29.045,617724.816,34.1594,2126783.5,1.201,25543.5
Sub-Saharan Africa,2010,8.6152,183233.7,28.2798,601469.146,39.1808,2126854.5,1.3027,27705.8
Sub-Saharan Africa,2017,9.3301,198440.27,27.9878,595266.689,40.8735,2126881.5,1.3593,28909.98
Sub-Saharan Africa,2019,,,,,41.0193,,,
Sudan,2005,,,,,9.0909,,,
Sudan,2010,,,,,9.0909,,,
Sudan,2017,,19823.16,,19209.938,17.8129,,,168.0
Sudan,2019,,,,,17.8129,,,
Sudan [former],2005,7.8914,18750.0,11.8313,28111.088,,237600.0,0.0547,130.0
Sudan [former],2010,8.366,19877.7,11.4642,27239.012,,237600.0,0.0596,141.5
Suriname,2005,0.3141,49.0,98.5321,15371.0,51.1899,15600.0,0.0385,6.0
Suriname,2010,0.3526,55.0,98.4038,15351.0,51.1899,15600.0,0.0385,6.0
Suriname,2017,0.4167,65.0,98.2821,15332.0,51.1899,15600.0,0.0385,6.0
Suriname,2019,,,,,51.1899,,,
Sweden,2005,6.575,2698.0,68.7674,28218.0,54.9902,41034.0,0.0122,5.0
Sweden,2010,6.4069,2629.0,68.414,28073.0,57.2415,41034.0,0.0122,5.0
Sweden,2017,6.2925,2563.0,68.9229,28073.0,58.7451,40731.0,0.0123,5.0
Sweden,2019,,,,,59.0259,,,
Switzerland,2005,10.2789,406.2,30.7961,1217.0,28.7447,3951.8,0.5921,23.4
Switzerland,2010,10.2364,404.5,31.2532,1235.0,35.2919,3951.6,0.6073,24.0
Switzerland,2017,10.0765,398.184,31.734,1254.0,35.4815,3951.603,0.6302,24.9045
Switzerland,2019,,,,,35.4815,,,
Syrian Arab Republic,2005,25.4671,4675.0,2.5113,461.0,0.0,18357.0,4.8319,887.0
Syrian Arab Republic,2010,25.5242,4687.0,2.6739,491.0,0.0,18363.0,5.4947,1009.0
Syrian Arab Republic,2017,25.388,4662.0,2.6739,491.0,0.0,18363.0,5.8324,1071.0
Syrian Arab Republic,2019,,,,,0.0,,,
Tajikistan,2005,5.4087,757.0,2.9294,410.0,15.7687,13996.0,0.836,117.0
Tajikistan,2010,5.3365,746.9,2.9294,410.0,15.7687,13996.0,0.956,133.8
Tajikistan,2017,5.1855,719.7,2.9685,412.0,16.809,13879.0,1.0664,148.0
Tajikistan,2019,,,,,16.809,,,
Thailand,2005,29.752,15200.0,31.5136,16100.0,67.0064,51089.0,7.0661,3610.0
Thailand,2010,30.8481,15760.0,31.8053,16249.0,70.734,51089.0,8.8082,4500.0
Thailand,2017,32.9034,16810.0,32.0989,16399.0,70.734,51089.0,8.8082,4500.0
Thailand,2019,,,,,70.734,,,
Timor-Leste,2005,11.4324,170.0,53.6651,798.0,14.4622,1487.0,4.3712,65.0
Timor-Leste,2010,10.0874,150.0,49.8991,742.0,34.0138,1487.0,4.842,72.0
Timor-Leste,2017,10.4237,155.0,46.1332,686.0,39.4883,1487.0,5.0437,75.0
Timor-Leste,2019,,,,,39.4883,,,
Togo,2005,38.61,2100.0,7.0969,386.0,75.003,5439.0,2.7579,150.0
Togo,2010,45.2289,2460.0,5.2767,287.0,75.003,5439.0,3.7691,205.0
Togo,2017,48.7222,2650.0,3.4565,188.0,75.003,5439.0,3.1256,170.0
Togo,2019,,,,,75.003,,,
Tokelau,2005,,,0.0,0.0,0.0,1.0,60.0,0.6
Tokelau,2010,,,0.0,0.0,0.0,1.0,60.0,0.6
Tokelau,2017,,,0.0,0.0,0.0,1.0,60.0,0.6
Tokelau,2019,,,,,0.0,,,
Tonga,2005,20.8333,15.0,12.5,9.0,25.1234,72.0,15.2778,11.0
Tonga,2010,23.6111,17.0,12.5,9.0,26.0737,72.0,15.2778,11.0
Tonga,2017,25.0,18.0,12.5,9.0,26.0737,72.0,15.2778,11.0
Tonga,2019,,,,,26.0737,,,
"Total, all countries or areas",2005,10.4393,1356869.48,31.0266,4032742.686,36.2153,12997688.28,1.1208,145680.55
"Total, all countries or areas",2010,10.3703,1347680.89,30.9002,4015672.963,40.8525,12995614.99,1.2178,158259.18
"Total, all countries or areas",2017,10.6953,1390698.8055,30.7558,3999133.622,43.5335,13002855.208,1.2911,167877.4475
"Total, all countries or areas",2019,,,,,43.7193,,,
Trinidad and Tobago,2005,4.8733,25.0,44.8343,230.0,32.003,513.0,4.2885,22.0
Trinidad and Tobago,2010,4.8733,25.0,44.1326,226.4,32.003,513.0,4.2885,22.0
Trinidad and Tobago,2017,4.8733,25.0,45.7068,234.476,32.003,513.0,4.2885,22.0
Trinidad and Tobago,2019,,,,,32.003,,,
Tunisia,2005,17.5721,2730.0,5.8895,915.0,16.801,15536.0,13.9418,2166.0
Tunisia,2010,18.1707,2823.0,6.3723,990.0,24.8223,15536.0,15.2098,2363.0
Tunisia,2017,16.7804,2607.0,6.7006,1041.0,40.0873,15536.0,15.3579,2386.0
Tunisia,2019,,,,,40.0873,,,
Turkey,2005,30.9629,23830.0,13.8534,10662.0,2.2801,76963.0,3.6069,2776.0
Turkey,2010,27.7848,21384.0,14.5563,11203.0,2.2801,76963.0,3.9123,3011.0
Turkey,2017,26.0333,20036.0,15.2216,11715.0,2.3359,76963.0,4.3501,3348.0
Turkey,2019,,,,,2.3359,,,
Turkmenistan,2005,4.3411,2040.0,8.7822,4127.0,14.0409,46993.0,0.1277,60.0
Turkmenistan,2010,4.1283,1940.0,8.7822,4127.0,14.0409,46993.0,0.1277,60.0
Turkmenistan,2017,4.1283,1940.0,8.7822,4127.0,14.0409,46993.0,0.1277,60.0
Turkmenistan,2019,,,,,14.0409,,,
Turks and Caicos Islands,2005,1.0526,1.0,36.2105,34.4,27.9418,95.0,,
Turks and Caicos Islands,2010,1.0526,1.0,36.2105,34.4,27.9418,95.0,,
Turks and Caicos Islands,2017,1.0526,1.0,36.2105,34.4,27.9418,95.0,,
Turks and Caicos Islands,2019,,,,,27.9418,,,
Tuvalu,2005,,,33.3333,1.0,,3.0,56.6667,1.7
Tuvalu,2010,,,33.3333,1.0,,3.0,60.0,1.8
Tuvalu,2017,,,33.3333,1.0,,3.0,60.0,1.8
Uganda,2005,29.7783,5950.0,17.1613,3429.0,64.3722,19981.0,11.0105,2200.0
Uganda,2010,33.6625,6750.0,13.7293,2753.0,70.605,20052.0,10.9715,2200.0
Uganda,2017,34.4105,6900.0,10.3581,2077.0,70.605,20052.0,10.9715,2200.0
Uganda,2019,,,,,70.605,,,
Ukraine,2005,56.0116,32452.0,16.5263,9575.0,21.2792,57938.0,1.5551,901.0
Ukraine,2010,56.0606,32477.0,16.4814,9548.0,21.3493,57932.0,1.5484,897.0
Ukraine,2017,56.5752,32774.0,16.6701,9657.0,21.7183,57930.0,1.545,895.0
Ukraine,2019,,,,,21.7183,,,
United Arab Emirates,2005,0.9575,68.0,4.3931,312.0,,7102.0,2.6612,189.0
United Arab Emirates,2010,0.7125,50.6,4.4678,317.3,,7102.0,0.5872,41.7
United Arab Emirates,2017,0.6266,44.5,4.5424,322.6,,7102.0,0.5534,39.3
United Kingdom,2005,23.6804,5729.0,12.4871,3021.0,78.4558,24193.0,0.1943,47.0
United Kingdom,2010,24.6766,5970.0,12.6442,3059.0,80.7551,24193.0,0.1901,46.0
United Kingdom,2017,25.1431,6082.8794,12.9955,3144.0,82.6733,24193.0,0.1972,47.707
United Kingdom,2019,,,,,82.7592,,,
United Rep. of Tanzania,2005,10.9506,9700.0,56.3558,49920.0,60.2441,88580.0,1.874,1660.0
United Rep. of Tanzania,2010,13.0955,11600.0,54.098,47920.0,62.9478,88580.0,2.0885,1850.0
United Rep. of Tanzania,2017,15.2405,13500.0,51.9982,46060.0,62.9478,88580.0,2.4272,2150.0
United Rep. of Tanzania,2019,,,,,62.9478,,,
United States Virgin Islands,2005,5.7143,2.0,53.5143,18.73,39.8758,35.0,2.8571,1.0
United States Virgin Islands,2010,2.8571,1.0,51.8857,18.16,39.8758,35.0,2.8571,1.0
United States Virgin Islands,2017,2.8571,1.0,50.2857,17.6,39.8758,35.0,2.8571,1.0
United States Virgin Islands,2019,,,,,39.8758,,,
United States of America,2005,18.148,166270.6,33.2634,304757.0,43.2735,916192.0,0.2947,2700.0
United States of America,2010,17.2526,157816.5,33.7494,308720.0,49.4321,914742.0,0.2842,2600.0
United States of America,2017,17.2548,157836.8,33.8997,310095.0,51.2059,914742.0,0.2842,2600.0
United States of America,2019,,,,,51.2059,,,
Uruguay,2005,7.9534,1392.0,8.695,1521.8,10.3739,17502.0,0.2285,40.0
Uruguay,2010,11.6158,2033.0,9.892,1731.3,20.7195,17502.0,0.2171,38.0
Uruguay,2017,13.8841,2430.0,10.5417,1845.0,20.7995,17502.0,0.2228,39.0
Uruguay,2019,,,,,20.7995,,,
Uzbekistan,2005,10.2656,4367.0,7.7457,3295.0,10.1113,42540.0,0.8204,349.0
Uzbekistan,2010,9.8072,4172.0,7.6998,3275.5,10.1113,42540.0,0.8439,359.0
Uzbekistan,2017,9.465,4026.4,7.5691,3219.9,10.1114,42540.0,0.9205,391.6
Uzbekistan,2019,,,,,10.1114,,,
Vanuatu,2005,1.6407,20.0,36.0952,440.0,2.8404,1219.0,9.9262,121.0
Vanuatu,2010,1.6407,20.0,36.0952,440.0,2.8404,1219.0,10.2543,125.0
Vanuatu,2017,1.6407,20.0,36.0952,440.0,2.8404,1219.0,10.2543,125.0
Vanuatu,2019,,,,,2.8404,,,
Venezuela (Boliv. Rep. of),2005,3.01,2655.0,54.0933,47713.0,52.536,88205.0,0.7936,700.0
Venezuela (Boliv. Rep. of),2010,2.9477,2600.0,53.8575,47505.0,52.536,88205.0,0.7936,700.0
Venezuela (Boliv. Rep. of),2017,2.9477,2600.0,52.9256,46683.0,52.536,88205.0,0.7936,700.0
Venezuela (Boliv. Rep. of),2019,,,,,52.536,,,
Viet Nam,2005,20.505,6358.0,42.1743,13077.0,27.5853,31007.0,9.8497,3054.1
Viet Nam,2010,20.7611,6437.4,45.5639,14128.0,30.298,31007.0,11.8705,3680.7
Viet Nam,2017,22.5378,6988.3,47.6441,14773.0,39.1602,31007.0,14.637,4538.5
Viet Nam,2019,,,,,39.1602,,,
Wallis and Futuna Islands,2005,7.1429,1.0,41.5,5.81,,14.0,35.7143,5.0
Wallis and Futuna Islands,2010,7.1429,1.0,41.5714,5.82,,14.0,35.7143,5.0
Wallis and Futuna Islands,2017,7.1429,1.0,41.6429,5.83,,14.0,35.7143,5.0
Western Africa,2005,13.3534,80976.02,12.2129,74059.59,,606406.0,2.5499,15463.0
Western Africa,2010,13.6634,82855.38,11.6016,70353.09,,606406.0,2.7031,16392.0
Western Africa,2017,14.4027,87339.0,11.0608,67073.403,,606406.0,2.6815,16261.0
Western Asia,2005,8.8093,42240.0,3.8263,18346.719,10.427,479491.0,1.1214,5376.9
Western Asia,2010,7.9481,38091.33,3.9861,19103.187,15.1516,479247.8,1.1734,5623.37
Western Asia,2017,7.9539,38116.648,4.1242,19763.924,16.9029,479219.0,1.2914,6188.441
Western Asia,2019,,,,,16.9949,,,
Western Europe,2005,31.4147,34086.4,30.8243,33445.8,,108504.5,1.3389,1452.8
Western Europe,2010,31.1914,33836.85,31.4117,34075.8,,108481.4,1.2527,1359.0
Western Europe,2017,31.2303,33900.689,31.9519,34684.0,,108550.603,1.2462,1352.7365
Western Sahara,2005,0.015,4.0,2.6579,707.0,,26600.0,,
Western Sahara,2010,0.015,4.0,2.6579,707.0,,26600.0,,
Western Sahara,2017,0.015,4.0,2.6579,707.0,,26600.0,,
Yemen,2005,2.4376,1287.0,1.0398,549.0,0.0,52797.0,0.447,236.0
Yemen,2010,2.4452,1291.0,1.0398,549.0,19.4405,52797.0,0.5455,288.0
Yemen,2017,2.0791,1097.7,1.0398,549.0,19.4405,52797.0,0.5493,290.0
Yemen,2019,,,,,19.4405,,,
Zambia,2005,3.6683,2727.0,67.6643,50301.0,45.4815,74339.0,0.0471,35.0
Zambia,2010,4.5736,3400.0,66.5438,49468.0,45.4815,74339.0,0.0484,36.0
Zambia,2017,5.1117,3800.0,65.4233,48635.0,45.4815,74339.0,0.0484,36.0
Zambia,2019,,,,,45.4815,,,
Zimbabwe,2005,10.0814,3900.0,44.6142,17259.0,76.1117,38685.0,0.2585,100.0
Zimbabwe,2010,10.3399,4000.0,40.3877,15624.0,76.1117,38685.0,0.2585,100.0
Zimbabwe,2017,10.3399,4000.0,36.35,14062.0,81.2176,38685.0,0.2585,100.0
Zimbabwe,2019,,,,,81.2176,,,
